Datetime,Water Level (m)
2026-09-15 12:00:00,1.0932225
2026-09-15 13:00:00,0.96777457
2026-09-15 14:00:00,0.73434216
2026-09-15 15:00:00,0.51545197
2026-09-15 16:00:00,0.3174587
2026-09-15 17:00:00,0.1277338
2026-09-15 18:00:00,-0.033396877
2026-09-15 19:00:00,-0.13928747
2026-09-15 20:00:00,0.10859053
2026-09-15 21:00:00,0.5337785
2026-09-15 22:00:00,1.0110358
2026-09-15 23:00:00,1.3209156
2026-09-16 00:00:00,1.4542176
2026-09-16 01:00:00,1.3822067
2026-09-16 02:00:00,1.1350075
2026-09-16 03:00:00,0.8789871
2026-09-16 04:00:00,0.67432374
2026-09-16 05:00:00,0.46683615
2026-09-16 06:00:00,0.2806449
2026-09-16 07:00:00,0.12368654
2026-09-16 08:00:00,0.09985058
2026-09-16 09:00:00,0.40916315
2026-09-16 10:00:00,0.8052192
2026-09-16 11:00:00,1.161646
2026-09-16 12:00:00,1.2791147
2026-09-16 13:00:00,1.2494911
2026-09-16 14:00:00,1.0978901
2026-09-16 15:00:00,0.8974594
2026-09-16 16:00:00,0.68865585
2026-09-16 17:00:00,0.48405835
2026-09-16 18:00:00,0.30234474
2026-09-16 19:00:00,0.15237543
2026-09-16 20:00:00,0.13191433
2026-09-16 21:00:00,0.43779004
2026-09-16 22:00:00,0.85405445
2026-09-16 23:00:00,1.2584213
2026-09-17 00:00:00,1.4355793
2026-09-17 01:00:00,1.4734057
2026-09-17 02:00:00,1.364176
2026-09-17 03:00:00,1.161829
2026-09-17 04:00:00,0.9457142
2026-09-17 05:00:00,0.7344104
2026-09-17 06:00:00,0.5334994
2026-09-17 07:00:00,0.36451146
2026-09-17 08:00:00,0.23890479
2026-09-17 09:00:00,0.2865702
2026-09-17 10:00:00,0.56673366
2026-09-17 11:00:00,0.92293996
2026-09-17 12:00:00,1.1531494
2026-09-17 13:00:00,1.175457
2026-09-17 14:00:00,1.0965407
2026-09-17 15:00:00,0.97554255
2026-09-17 16:00:00,0.79015195
2026-09-17 17:00:00,0.59378076
2026-09-17 18:00:00,0.41398218
2026-09-17 19:00:00,0.26685834
2026-09-17 20:00:00,0.16655782
2026-09-17 21:00:00,0.26155028
2026-09-17 22:00:00,0.57430845
2026-09-17 23:00:00,0.9682089
2026-09-18 00:00:00,1.2430223
2026-09-18 01:00:00,1.3410223
2026-09-18 02:00:00,1.3367498
2026-09-18 03:00:00,1.2373781
2026-09-18 04:00:00,1.0547767
2026-09-18 05:00:00,0.85149884
2026-09-18 06:00:00,0.65931046
2026-09-18 07:00:00,0.48258924
2026-09-18 08:00:00,0.33835408
2026-09-18 09:00:00,0.24228646
2026-09-18 10:00:00,0.29459375
2026-09-18 11:00:00,0.5223491
2026-09-18 12:00:00,0.8098175
2026-09-18 13:00:00,0.9574322
2026-09-18 14:00:00,0.9541664
2026-09-18 15:00:00,0.89291847
2026-09-18 16:00:00,0.7968677
2026-09-18 17:00:00,0.6353081
2026-09-18 18:00:00,0.4720866
2026-09-18 19:00:00,0.32986248
2026-09-18 20:00:00,0.21764779
2026-09-18 21:00:00,0.16146204
2026-09-18 22:00:00,0.26444384
2026-09-18 23:00:00,0.52587634
2026-09-19 00:00:00,0.85411114
2026-09-19 01:00:00,1.0718288
2026-09-19 02:00:00,1.1715714
2026-09-19 03:00:00,1.1939075
2026-09-19 04:00:00,1.1318831
2026-09-19 05:00:00,0.97296596
2026-09-19 06:00:00,0.7980462
2026-09-19 07:00:00,0.63235766
2026-09-19 08:00:00,0.47594863
2026-09-19 09:00:00,0.3482839
2026-09-19 10:00:00,0.2522346
2026-09-19 11:00:00,0.24317674
2026-09-19 12:00:00,0.36761558
2026-09-19 13:00:00,0.5828296
2026-09-19 14:00:00,0.7472027
2026-09-19 15:00:00,0.7880776
2026-09-19 16:00:00,0.7661569
2026-09-19 17:00:00,0.7174479
2026-09-19 18:00:00,0.61615205
2026-09-19 19:00:00,0.48933518
2026-09-19 20:00:00,0.37023616
2026-09-19 21:00:00,0.2730836
2026-09-19 22:00:00,0.21588208
2026-09-19 23:00:00,0.2413173
2026-09-20 00:00:00,0.39920467
2026-09-20 01:00:00,0.6508384
2026-09-20 02:00:00,0.8827184
2026-09-20 03:00:00,1.0328708
2026-09-20 04:00:00,1.1077447
2026-09-20 05:00:00,1.1020715
2026-09-20 06:00:00,1.0092827
2026-09-20 07:00:00,0.8610919
2026-09-20 08:00:00,0.7045133
2026-09-20 09:00:00,0.54895705
2026-09-20 10:00:00,0.4001927
2026-09-20 11:00:00,0.28034392
2026-09-20 12:00:00,0.19456245
2026-09-20 13:00:00,0.19524239
2026-09-20 14:00:00,0.3165861
2026-09-20 15:00:00,0.51703244
2026-09-20 16:00:00,0.68598026
2026-09-20 17:00:00,0.7647016
2026-09-20 18:00:00,0.7820825
2026-09-20 19:00:00,0.7546744
2026-09-20 20:00:00,0.6587495
2026-09-20 21:00:00,0.526078
2026-09-20 22:00:00,0.39985448
2026-09-20 23:00:00,0.29313418
2026-09-21 00:00:00,0.2311456
2026-09-21 01:00:00,0.24455205
2026-09-21 02:00:00,0.40422204
2026-09-21 03:00:00,0.6807958
2026-09-21 04:00:00,0.94306475
2026-09-21 05:00:00,1.0932558
2026-09-21 06:00:00,1.1555748
2026-09-21 07:00:00,1.13875
2026-09-21 08:00:00,1.030787
2026-09-21 09:00:00,0.8573127
2026-09-21 10:00:00,0.67990756
2026-09-21 11:00:00,0.51149684
2026-09-21 12:00:00,0.3617959
